,Student_height,Student_weight
s1,172.7770650393454,78.02410546059107
s2,179.14382227883144,92.93969621814034
s3,132.5964663182341,77.53104895499415
s4,163.06100393255508,57.48500932818049
s5,173.77042107864477,83.7020266566966
